"pressure","temperature"
5.0e7,800.0
1.0477085697741447e8,981.712799761725
1.5995033183203036e8,1063.435152790207
2.1545312982414436e8,1124.9636742669015
2.712303073064442e8,1174.0215945175428
3.2725237039288825e8,1215.4842724821722
3.834988080076762e8,1251.9778105390951
4.399548821788191e8,1284.3828904629681
4.9660892540274787e8,1313.1334170103669
5.534513140916766e8,1338.9347143867133
6.104738342574342e8,1362.3315301448395
6.67669469497165e8,1383.7228931475317
7.250321305958894e8,1403.4059716579754
7.825564550565296e8,1421.6145351690452
8.402376750108191e8,1438.5348946032823
8.980715027159265e8,1454.3233018271635
9.560540757784071e8,1469.1130488124202
1.0141819067621237e9,1483.01720343651
1.0724518544192848e9,1496.176290571568
1.1308609797228007e9,1508.6937733792854
1.189406606440526e9,1520.633348744258
1.2480863166390095e9,1532.0528071175831
1.3068978068686454e9,1542.9951627931398
1.3658389964186552e9,1553.5078059211476
1.4249078992042017e9,1563.623795686115
1.484102702258558e9,1573.3807196192902
1.543421670836663e9,1582.8027577882776
1.602863217631247e9,1591.9223320326466
1.6624258050192642e9,1600.7541041097757
1.722108030231342e9,1609.3284435499077
1.7819085350804172e9,1617.6547774018188
1.841826042695862e9,1625.7554684042386
1.9018593524161892e9,1633.6451232783859
1.9620072991002789e9,1641.3320377588768
2.0222688105797715e9,1648.8367242827019
2.0826428463595057e9,1656.1634013555947
2.1431283965554807e9,1663.322885240772
2.2037245317321477e9,1670.330159317934
2.2644303492071714e9,1677.1867765662296
2.3252449637967377e9,1683.9016269411695
2.3861675608239946e9,1690.4871711566752
2.4471973500592194e9,1696.9447208394326
2.508333547107566e9,1703.27855883343
2.569575431290118e9,1709.5006212899507
2.6309223050437098e9,1715.6135313847146
2.6923734788951864e9,1721.6177605480202
2.753928287277741e9,1727.5215049281028
2.8155861147145176e9,1733.3317925288463
2.8773463607433205e9,1739.0486986772942
2.939208421460892e9,1744.6735023392844
3.0011717292134886e9,1750.2139637378402
3.063235749042754e9,1755.674194118683
3.1253999576979704e9,1761.0542202605761
3.1876638288412337e9,1766.3493304319038
3.2500277150287375e9,1771.5127231934707
3.312493131938774e9,1776.5076090814478
3.375062064744572e9,1781.3266527488033
3.4377365302636585e9,1785.9624551933098
3.5005183251068892e9,1790.492741928717
3.5634078158003035e9,1795.0620449277312
3.626404827299534e9,1799.6913934949916
3.6895090407519164e9,1804.3809301758936
3.752720143079834e9,1809.1307690767567
3.8160378031877418e9,1813.8729999930908
3.8794616220003e9,1818.5365214182427
3.9429911730737624e9,1823.120321496121
4.006626025639352e9,1827.6225555074388
4.0703657441714478e9,1832.043909509151
4.134209900709516e9,1836.4066793696115
4.198158111491919e9,1840.7342097571964
4.2622100090470757e9,1845.0286037678297
4.326365228500704e9,1849.2898847874426
4.390623404349351e9,1853.5180786854655
4.454984170473263e9,1857.7136652722809
4.519447191478957e9,1861.8795572013182
4.584012158523483e9,1866.017292534292
4.648678773174272e9,1870.1268712270025
4.713446736172581e9,1874.2082952158955
4.778315747443064e9,1878.2615683882066
4.843285506103371e9,1882.2851348868392
4.908355791149224e9,1886.2698363071543
4.97352644489423e9,1890.2111410122175
5.038797334143167e9,1894.1090384510292
5.1041683222770195e9,1897.963527259499
5.169639269836879e9,1901.774525512643
5.235210034847806e9,1905.5419543360179
5.300880478154778e9,1909.2916339507085
5.366650479339479e9,1913.057126959972
5.432519925876861e9,1916.8410255473962
5.498488707428876e9,1920.6433647671015
5.564556714858937e9,1924.4641853495432
5.630723839830689e9,1928.3036084743392
5.696989974493234e9,1932.161740381987
5.763354980364256e9,1935.9575849428861
5.829818618692349e9,1939.6020348636102
5.896380608364682e9,1943.0924460503843
5.963040658114385e9,1946.428921007409
6.029798468825215e9,1949.6116080697639
6.096653733932298e9,1952.640699383346
6.163606139820278e9,1955.5164288973328
6.230655366389811e9,1958.2624188536624
6.297801124115057e9,1960.9694652381859
6.365043135470698e9,1963.6600579645958
6.43238112907897e9,1966.3342277114675
6.499814833070276e9,1968.992003879558
6.567343975096574e9,1971.6334162233677
6.634968282335346e9,1974.2584948440688
6.702687481493592e9,1976.8672701825149
6.770501298856967e9,1979.4601554055364
6.838409494179666e9,1982.0386943372384
6.906411840223762e9,1984.6032831963225
6.97450811593502e9,1987.1539393678147
7.042698099663987e9,1989.690680544327
7.1109815691689005e9,1992.2135247212645
7.179358301771164e9,1994.732700463753
7.247828079059923e9,1997.2820988754372
7.316390684506026e9,1999.8697629814742
7.385045910759908e9,2002.4969602967963
7.453793579668988e9,2005.165234369693
7.522633523897185e9,2007.8751297512463
7.591565577505806e9,2010.6271268304167
7.660589574725528e9,2013.4217096279895
7.729705349961322e9,2016.259365818084
7.798912737797315e9,2019.1405867498095
7.868211573001749e9,2022.065867469055
7.937601690531906e9,2025.035706740388
8.007082928507187e9,2028.0511985018607
8.076655152544197e9,2031.0951426682273
8.146318239366031e9,2034.13079359402
8.216072069074333e9,2037.1508502656711
8.285916521006708e9,2040.1537680054355
8.3558514735881815e9,2043.1380131646786
8.425876804308241e9,2046.1020649078855
8.495992389698325e9,2049.0444169938314
8.566198105309692e9,2051.9635795501017
8.636493825691858e9,2054.8580808370907
8.70687942922454e9,2057.723116808916
8.777354822255796e9,2060.552570484035
8.847919920559662e9,2063.346839392955
8.918574641220041e9,2066.107854140918
8.989318898827394e9,2068.83944916977
9.060152605893326e9,2071.542977350197
9.131075673210304e9,2074.2184142802985
9.202088010090473e9,2076.8657371243694
9.273189524374462e9,2079.4849245953415
9.344380122440298e9,2082.0759569371658
9.41565970921228e9,2084.639483368048
9.487028202835598e9,2087.186409330733
9.55848554658175e9,2089.7256409296156
9.630031692744642e9,2092.2571673809603
9.70166659303561e9,2094.7809780767698
9.77339019858242e9,2097.2970625840867
9.845202459928328e9,2099.8054106442887
9.917103327031042e9,2102.3060154558575
9.98909274906688e9,2104.798906745155
1.0061170674326504e10,2107.2841043657445
1.0133337050401472e10,2109.761598415327
1.0205591824296412e10,2112.2313791594743
1.0277934944964918e10,2114.6937911625723
1.0350366380729914e10,2117.1495613025468
1.042288610706493e10,2119.5988059042525
1.0495494101505976e10,2122.0415137791174
1.0568190341080935e10,2124.477673869988
1.0640974802308279e10,2126.9072752507645
1.0713847461195688e10,2129.330307126035
1.0786808293238756e10,2131.7467588307068
1.0859857273419668e10,2134.1566198296296
1.0932994376205868e10,2136.559879717221
1.1006219575548695e10,2138.956528217083
1.1079532844815552e10,2141.346578742177
1.1152934156517164e10,2143.730863774071
1.1226423499322166e10,2146.112822395103
1.1300000869435234e10,2148.4934766703864
1.1373666266542824e10,2150.872821516664
1.1447419690070887e10,2153.2508518652467
1.1521261139183844e10,2155.627562662021
1.1595190612783386e10,2158.002948867449
1.1669208109507431e10,2160.377005456579
1.1743313627729025e10,2162.7497274190446
1.1817507165555176e10,2165.121109759072
1.1891788720825764e10,2167.4911474954847
1.1966158291112394e10,2169.859835661706
1.2040615873717306e10,2172.227169305762
1.211516146567215e10,2174.5925490568
1.218979504921333e10,2176.9529294736985
1.2264516596473515e10,2179.30706587432
1.2339326074560068e10,2181.6549871254224
1.2414223449920225e10,2183.996690401394
1.2489208688427792e10,2186.332166743619
1.2564281755422533e10,2188.661407304708
1.2639442615708805e10,2190.984403348175
1.2714691233554071e10,2193.301146248105
1.2790027572687496e10,2195.611627488827
1.286545159629857e10,2197.915838664579
1.2940963267035578e10,2200.2137714791756
1.3016562547004223e10,2202.5054177456673
1.3092249397766169e10,2204.7907693860016
1.3168023780337626e10,2207.069940750088
1.3243885670617666e10,2209.3435602676964
1.331983505453775e10,2211.611888436375
1.3395871922109497e10,2213.874916247523
1.3471996262886974e10,2216.1326347763984
1.3548208065893543e10,2218.385057748487
1.3624507319386395e10,2220.6322084104618
1.3700894011047325e10,2222.8740810651216
1.3777368128073973e10,2225.1106669105125
1.3853929657199287e10,2227.3419572259363
1.3930578584689917e10,2229.567943371794
1.4007314896344593e10,2231.7886167894253
1.4084138577492437e10,2234.003969000947
1.4161049612991339e10,2236.2139916090932
1.4238047987226273e10,2238.4186762970453
1.4315133684107714e10,2240.6181290898526
1.4392306701969439e10,2242.812905340738
1.446956704803297e10,2245.003216963143
1.4546914733234726e10,2247.189055156424
1.4624349768132439e10,2249.3704111806564
1.470187216290342e10,2251.5472763565767
1.4779481927342907e10,2253.7196420655164
1.4857179070862354e10,2255.887499749341
1.49349636024032e10,2258.0508646480384
1.5012835530237164e10,2260.2097560489983
1.5090794862144432e10,2262.364166796044
1.5168841605505913e10,2264.5140884369557
1.524697576731066e10,2266.6595125782337
1.5325197354154167e10,2268.8004308850373
1.5403506372236631e10,2270.9368350811214
1.5481902827361225e10,2273.0687169487715
1.556038672493229e10,2275.196169451056
1.5638958083920872e10,2277.319679943599
1.571761693158202e10,2279.439432017296
1.5796363298676485e10,2281.5554173072637
1.5875197215668377e10,2283.6676274917054
1.5954118712723553e10,2285.776054291901
1.6033127819707954e10,2287.8806894721997
1.611222456618599e10,2289.981524840013
1.619140898141881e10,2292.078552245803
1.6270681094362673e10,2294.171763583071
1.635004093366728e10,2296.261150788347
1.6429488527583952e10,2298.3467295589858
1.650902390378893e10,2300.428516680762
1.6588647089551533e10,2302.506504473198
1.6668358111825262e10,2304.5806849264673
1.6748156997248613e10,2306.6510500724517
1.6828043772143393e10,2308.7175919847346
1.6908018462512953e10,2310.7792217875835
1.6988081102600277e10,2312.8296490913744
1.7068231732995375e10,2314.865817079938
1.714847039654162e10,2316.8877011820177
1.7228797135436188e10,2318.8952771416525
1.730921199122918e10,2320.8885210166163
1.738971500482297e10,2322.8674091768494
1.7470306216471474e10,2324.831918302867
1.7550985665779457e10,2326.7820253841637
1.7631753391701805e10,2328.7177077175947
1.771260943254289e10,2330.6389429057494
1.77935538259559e10,2332.5457088553107
1.7874586608942226e10,2334.4379837754013
1.795570781785082e10,2336.315746175918
1.803691748837757e10,2338.1789812071993
1.8118215655341805e10,2340.027693806402
1.819960235281727e10,2341.8618697851784
1.8281077614182148e10,2343.6814881589175
1.8362641472165802e10,2345.4869564490623
1.8444293962810314e10,2347.284600190468
1.8526035128461395e10,2349.0794688122187
1.860786501369984e10,2350.8715567889403
1.8689783662878387e10,2352.660858615668
1.877179112012009e10,2354.447368807844
1.885388742931672e10,2356.2310819013196
1.8936072634127193e10,2358.0119924523574
1.901834677797593e10,2359.790095037633
1.910070990405129e10,2361.5653842542356
1.9183162055303875e10,2363.3378547196685
1.9265703274444923e10,2365.1075010718473
1.9348333603944637e10,2366.874317969103
1.943105308603061e10,2368.638300090179
1.951386176268601e10,2370.3994421342313
1.9596759675647995e10,2372.157738820826
1.9679746866406036e10,2373.9131848899397
1.9762823376200153e10,2375.665775101956
1.984598924601924e10,2377.415504237664
1.992924451659933e10,2379.1623682676754
2.0012589230477493e10,2380.9065463024463
2.0096023444065475e10,2382.6483626447985
2.0179547218998413e10,2384.3878616461484
2.0263160618417812e10,2386.1250381524133
2.0346863705321346e10,2387.8598870227506
2.0430656542561478e10,2389.592403129567
2.0514539192844086e10,2391.322581358528
2.059851171872706e10,2393.0504166085675
2.0682574182618904e10,2394.7759037918963
2.0766726646777283e10,2396.499037834013
2.08509691733076e10,2398.219813673709
2.0935301824161583e10,2399.9382262630816
2.1019724661135822e10,2401.654270567539
2.110423774587028e10,2403.3679415658075
2.118884113984684e10,2405.0792342499435
2.1273534904387856e10,2406.788143625337
2.1358319100654587e10,2408.494664710721
2.144319378964576e10,2410.1987925381773
2.1528159032196003e10,2411.9005221531443
2.1613214888974392e10,2413.5998486144244
2.1698361420482822e10,2415.296750476346
2.1783598693445644e10,2416.991059077385
2.1868926786223366e10,2418.682984237972
2.1954345781360348e10,2420.3730856648826
2.203985576120876e10,2422.0617851013835
2.2125456807928722e10,2423.748772205265
2.2211149003572628e10,2425.4338240980205
2.2296932430123707e10,2427.1169360832937
2.2382807169509243e10,2428.7981034727068
2.2468773303599438e10,2430.477321585867
2.255483091420636e10,2432.154585750378
2.264098008308269e10,2433.829891301849
2.2727220891920666e10,2435.503233583902
2.2813553422350906e10,2437.1746079481804
2.2899977755941273e10,2438.844009754362
2.2986493974195652e10,2440.511434370163
2.307310215855281e10,2442.1768771713473
2.3159802390385178e10,2443.840333541736
2.324659475099769e10,2445.5017988732143
2.3333479321626534e10,2447.1612685657415
2.342045618343791e10,2448.8187380273544
2.350752541752688e10,2450.47420267418
2.3594687104916023e10,2452.1273322111833
2.3681941336548565e10,2453.7748356505795
2.3769288216930126e10,2455.4143926715115
2.3856727855685387e10,2457.045987548326
2.394426036232279e10,2458.669604620383
2.4031885846233597e10,2460.285228291831
2.411960441669086e10,2461.8928430313817
2.4207416182848507e10,2463.4924333720824
2.4295321253740215e10,2465.0839865569233
2.438331973815009e10,2466.6675040033924
2.4471411744626022e10,2468.242979060959
2.4559597381548077e10,2469.810396184265
2.46478767571748e10,2471.3697398905724
2.4736249979642277e10,2472.9209947595527
2.4824717156963093e10,2474.4641454330663
2.491327839702528e10,2475.999176614946
2.500193380759135e10,2477.526073070776
2.509068349629718e10,2479.044819627667
2.517952757065106e10,2480.555401174035
2.5268466138032593e10,2482.0578026593716
2.5357499305691677e10,2483.5520090940154
2.544662718074745e10,2485.038005548922
2.5535849870187275e10,2486.5157771554327
2.562516748086562e10,2487.98530910504
2.5714580123316086e10,2489.449672069446
2.5804087921702038e10,2490.9126844394195
2.5893691005341522e10,2492.3745901023512
2.5983389504354248e10,2493.835386024273
2.6073183549067867e10,2495.2950691716865
2.6163073270018147e10,2496.753636511564
2.625305879794907e10,2498.211085011342
2.6343140263813007e10,2499.667411638923
2.6433317798770866e10,2501.12261336267
2.6523591534192265e10,2502.5766871514084
2.6613961601655624e10,2504.029629974419
2.670442813294831e10,2505.481438801439
2.6794991260066772e10,2506.9321106026578
2.6885651115216717e10,2508.3816423487146
2.69764078307776e10,2509.8300403145195
2.70672615391873e10,2511.277314606816
2.7158212373036438e10,2512.72346344034
2.724926046511416e10,2514.168483744507
2.7340405948418427e10,2515.612372448843
2.743164895615614e10,2517.055126482981
2.7522989621743313e10,2518.4967427766574
2.7614428078805046e10,2519.937218259709
2.770596446117568e10,2521.376549862071
2.7797598902898857e10,2522.814734513772
2.7889331538227654e10,2524.2517922681855
2.798116250949363e10,2525.687889151283
2.8073091967520752e10,2527.123122012535
2.8165120066728615e10,2528.5574882045044
2.825724696188147e10,2529.9909850789645
2.834947280808916e10,2531.423609986895
2.844179776080804e10,2532.855360278475
2.853422197584192e10,2534.2862333030816
2.862674560934305e10,2535.7162264092826
2.8719368817813004e10,2537.145336944832
2.8812091758103653e10,2538.5735622566626
2.8904914587418133e10,2540.0008996908864
2.8997837463311745e10,2541.4273465927818
2.9090860543692924e10,2542.8529003067947
2.9183983986824223e10,2544.277558176531
2.927720795132323e10,2545.701317544749
2.937053259616352e10,2547.124175753356
2.9463958080675625e10,2548.546130143401
2.9557484564547977e10,2549.9671780550716
2.965111220782792e10,2551.387316827684
2.9744841170922592e10,2552.8065437996815
2.9838671614589695e10,2554.224861532152
2.993260369979212e10,2555.6422816727786
3.0026637587793453e10,2557.058804570165
3.0120773440194252e10,2558.4744275385424
3.02150114189586e10,2559.889147890987
3.030935168641509e10,2561.3029762268366
3.0403794411604305e10,2562.7160553830954
3.0498339773161976e10,2564.128488567116
3.0592987953696964e10,2565.540273542123
3.0687739136328823e10,2566.951408069946
3.0782593504689693e10,2568.3618899110124
3.0877551242926403e10,2569.771716824343
3.0972612535702377e10,2571.180886567544
3.1067777568199764e10,2572.5893968968003
3.116304652612136e10,2573.997245566871
3.1258419595692726e10,2575.4044303310798
3.135389696366418e10,2576.810948941309
3.1449478817312927e10,2578.216799147995
3.1545165344445045e10,2579.6219787001187
3.1640956733397594e10,2581.0264853451986
3.1736853173040733e10,2582.4303168292845
3.1832854852779804e10,2583.833470896951
3.1928961962557396e10,2585.2359452912897
3.2025174692855503e10,2586.6377377538993
3.212149323469768e10,2588.0388460248823
3.221791777965112e10,2589.4392678428353
3.2314448519828823e10,2590.8390009448417
3.241108564789177e10,2592.238043066463
3.2507829357051105e10,2593.6363919417327
3.260467984107025e10,2595.034045303148
3.2701637294267197e10,2596.431000881661
3.279870191151658e10,2597.827256406672
3.2895873888252014e10,2599.222811065547
3.299315341832442e10,2600.6211209344688
3.3090540667534607e10,2602.0313718408643
3.3188035791141434e10,2603.4554949442895
3.3285638940534412e10,2604.893515612801
3.338335026781745e10,2606.3454593669694
3.3481169925817863e10,2607.811351880718
3.3579098068095585e10,2609.291218982166
3.367713484895226e10,2610.785086654468
3.3775280423440647e10,2612.2929810366586
3.387353494737404e10,2613.8149284244982
3.3971898577335793e10,2615.3509552713235
3.4070371470688946e10,2616.901088188894
3.416895378558598e10,2618.4653539482442
3.426764568097865e10,2620.0437794805425
3.4366447316627975e10,2621.6363918779416
3.44653588531143e10,2623.24321839444
3.456438045184743e10,2624.8642864467433
3.466351227507698e10,2626.499623615125
3.476275448590277e10,2628.149257644296
3.4862107248285324e10,2629.8132164442673
3.496157072705655e10,2631.4915280912237
3.506114508793052e10,2633.184220828398
3.516083049751426e10,2634.891323066943
3.526062712331888e10,2636.6128633868125
3.536053513377062e10,2638.348870537641
3.5460554698222145e10,2640.099373439626
3.5560685986963905e10,2641.864401184418
3.566092917123571e10,2643.6439830360064
3.576128442323829e10,2645.4381492097577
3.586175191638157e10,2647.243451734394
3.596233183107579e10,2649.0498578007296
3.606302435069199e10,2650.855175863594
3.616382966010777e10,2652.659401663551
3.626474794460008e10,2654.462530939891
3.636577938984598e10,2656.264559430625
3.646692418192333e10,2658.065482872478
3.65681825073115e10,2659.8652970008857
3.666955455289201e10,2661.66399754999
3.6771040505949295e10,2663.46158025263
3.68726405541713e10,2665.2580408403387
3.69743548856502e10,2667.0533750433347
3.7076183688883095e10,2668.847578590519
3.717812715277259e10,2670.640647209465
3.728018546662754e10,2672.432576626416
3.738235882016365e10,2674.223362566274
3.748464740350416e10,2676.013000752597
3.758705140718043e10,2677.8014869075887
3.768957102213262e10,2679.588816752094
3.779220643971031e10,2681.3749860055877
3.789495785167308e10,2683.159990386171
3.7997825450191185e10,2684.943825610562
3.810080942784611e10,2686.7264873940862
3.82039099776312e10,2688.507971450671
3.8307127292952225e10,2690.2882734928344
3.8410461567627975e10,2692.0673892316795
3.851391299584321e10,2693.8453250407188
3.8617481771920105e10,2695.622095271413
3.8721168090489e10,2697.3976982801014
3.882497214656465e10,2699.172129758849
3.89288941355753e10,2700.9453935154484
3.903293425993572e10,2702.717679431735
3.913709273603902e10,2704.4891534441667
3.924136978581084e10,2706.2598119749814
3.9345765631802704e10,2708.0296514440233
3.945028049719411e10,2709.79866826873
3.95549146057948e10,2711.5668588641256
3.965966818204688e10,2713.334219642807
3.976454145102711e10,2715.1007470149343
3.986953463844903e10,2716.86643738822
3.9974647970665215e10,2718.6312871679193
4.007988167466952e10,2720.395292756815
4.0185235978099266e10,2722.15845055521
4.029071110923748e10,2723.920756960914
4.0396307297015175e10,2725.682208369232
4.050202477101356e10,2727.4428011729515
4.060786376146625e10,2729.2025317623325
4.071382449926161e10,2730.9613965250915
4.081990721594493e10,2732.7193918463927
4.092611214372078e10,2734.476514108834
4.1032439515455154e10,2736.232759692433
4.1138889564677895e10,2737.988124974613
4.124546252558484e10,2739.7426063301946
4.1352158633033e10,2741.4962059913105
4.145897812226002e10,2743.248940345831
4.1565921229059654e10,2745.0008104843428
4.167298818984429e10,2746.7518127756457
4.178017924170111e10,2748.5019435855597
4.188749462239432e10,2750.2511992769096
4.19949345703674e10,2751.999576209507
4.21024993247455e10,2753.7470707401367
4.2210189125337654e10,2755.493679222543
4.231800421263916e10,2757.2394035619886
4.242594483415552e10,2758.9844148320008
4.253401125211353e10,2760.728867890058
4.264220373470491e10,2762.4727598766403
4.2750522551048294e10,2764.216087929849
4.285896797119363e10,2765.9588491853956
4.29675402661266e10,2767.7010407765924
4.307623970777309e10,2769.4426598343402
4.3185066569003624e10,2771.183703487118
4.329402112363795e10,2772.9241688609677
4.34031036464495e10,2774.664053079491
4.351231441316999e10,2776.4033532638296
4.362165370049394e10,2778.142066532658
4.373112178608334e10,2779.8801900021704
4.384071894857229e10,2781.617720786066
4.3950445467571594e10,2783.354655995542
4.406030162367347e10,2785.0909927392763
4.4170287698456314e10,2786.8267281234175
4.428040397448935e10,2788.5618592515707
4.439065073533746e10,2790.2963880373272
4.450102826527162e10,2792.0303312534406
4.461153684944144e10,2793.7636912345442
4.4722176773942345e10,2795.4964650756942
4.4832948325881485e10,2797.2286498690473
4.4943851793382515e10,2798.960242703846
4.505488746559052e10,2800.6912406664037
4.516605563267697e10,2802.4216408400907
4.527735658584459e10,2804.151440305317
4.5388790617332436e10,2805.8806361395186
4.55003580204208e10,2807.609225417141
4.561205908943632e10,2809.3372052096233
4.5723894119756996e10,2811.0645725853824
4.583586340781732e10,2812.7913246097955
4.5947967251113335e10,2814.5174583451867
4.606020594873275e10,2816.2430324625266
4.617257981705315e10,2817.9682459894148
4.628508918012354e10,2819.693143384046
4.639773436626649e10,2821.4177225349026
4.651051570515326e10,2823.14198132919
4.662343352781171e10,2824.8659176528286
4.673648816663425e10,2826.5895293904523
4.684967995538586e10,2828.3128144254065
4.696300922921215e10,2830.0357706397413
4.707647632464753e10,2831.75839591421
4.7190081579623375e10,2833.480688128263
4.7303825333476295e10,2835.202645160047
4.741770792695644e10,2836.924264886395
4.753172970223595e10,2838.645545182831
4.764589100288346e10,2840.366491887709
4.776019217360029e10,2842.087120619388
4.7874633560414154e10,2843.8074325295815
4.7989215510763016e10,2845.527425512479
4.810393837354569e10,2847.247097460775
4.821880249913067e10,2848.9664462656665
4.833380823936485e10,2850.685469816846
4.844895594758248e10,2852.404166002496
4.856424597861404e10,2854.122532709285
4.8679678688795204e10,2855.8405678223603
4.879525443597603e10,2857.558269225343
4.891097357952995e10,2859.275634800321
4.9026836480363144e10,2860.9926624278446
4.9142843500923645e10,2862.709349986921
4.925899500521084e10,2864.425695355006
4.937529135878476e10,2866.1416964079986
4.949173292877568e10,2867.857351020234
4.960832008389363e10,2869.572657064479
4.972505319443805e10,2871.287612411922
4.9841932632307465e10,2873.0022149321703
4.995895877100936e10,2874.7164624932398
5.007613198681717e10,2876.4304199981316
5.019345267450853e10,2878.1442671583977
5.03109212373103e10,2879.8580407616632
5.04285380831087e10,2881.5717395443394
5.05463036217497e10,2883.285362244204
5.066421826505258e10,2884.998907600422
5.078228242682372e10,2886.7123743535603
5.09004965228704e10,2888.425761245606
5.1018860971014824e10,2890.139068409012
5.113737619093342e10,2891.852310135585
5.125604260408787e10,2893.5654965782305
5.1374860633896324e10,2895.2786265299487
5.14938307058444e10,2896.9916987852403
5.1612953247499695e10,2898.704712140123
5.173222868852658e10,2900.4176653921527
5.1851657460701004e10,2902.1305573404434
5.197123999792543e10,2903.8433867856843
5.209097673624405e10,2905.5561525301614
5.221086811385795e10,2907.268853377776
5.23309145711406e10,2908.9814881340662
5.245111655065331e10,2910.694055606225
5.2571474497160995e10,2912.406554603122
5.2691988857647934e10,2914.118983935323
5.281266008133381e10,2915.831342415111
5.293348861968984e10,2917.5436288565083
5.305447492645502e10,2919.255842075294
5.317561945765256e10,2920.967980889029
5.32969226716065e10,2922.680044117075
5.341838502895846e10,2924.392030580615
5.354000699268451e10,2926.103939102679
5.366178902811226e10,2927.8157685081615
5.378373160293805e10,2929.527517623846
5.39058351872444e10,2931.2391852784267
5.4028100253517494e10,2932.9507703025315
5.4150527276664955e10,2934.6622715287426
5.4273116734033676e10,2936.3736877916213
5.439586910542796e10,2938.085042646853
5.451878488596056e10,2939.7964937853485
5.464186458505935e10,2941.508125518164
5.476510871958524e10,2943.2199518200077
5.488851780896685e10,2944.9319857833066
5.501209237542336e10,2946.644227266495
5.5135832944102066e10,2948.3566761347665
5.525974004310216e10,2950.069332260144
5.5383814203498825e10,2951.782195521547
5.5508055959367546e10,2953.495265804862
5.5632465847808716e10,2955.2085430030147
5.575704440897256e10,2956.9220270160404
5.588179218608414e10,2958.635717751156
5.6006709725468864e10,2960.349615122833
5.6131797576578094e10,2962.0637190528714
5.625705629201518e10,2963.7780294704776
5.638248642756156e10,2965.4925463123345
5.65080885422034e10,2967.2072695226825
5.663386319815834e10,2968.9221990533933
5.675981096090265e10,2970.6373348640527
5.6885932399198555e10,2972.3526769220357
5.701222808512201e10,2974.0682252025886
5.713869859409064e10,2975.783979688908
5.7265344504892105e10,2977.4999403722254
5.739216639971274e10,2979.2161072518884
5.751916486416645e10,2980.9324803354452
5.764634048732402e10,2982.6490596387284
5.77736938617427e10,2984.365845185942
5.790122558349615e10,2986.082837009748
5.802893625220467e10,2987.800035151353
5.8156826471065895e10,2989.5174396605994
5.828489684688558e10,2991.2350505960526
5.841314799010908e10,2992.9528680250946
5.854158051485289e10,2994.6708959844987
5.867019503858863e10,2996.389152412851
5.879899218233589e10,2998.1076434028737
5.892797257079203e10,2999.826369101318
5.905713683244911e10,3001.545329664247
5.918648560213413e10,3003.264599221145
5.931601953808932e10,3004.984331305347
5.944573931026658e10,3006.704553362662
5.957564559546016e10,3008.425266630411
5.970573907486932e10,3010.146472362074
5.9836020434140114e10,3011.8681718274643
5.996649036340734e10,3013.5903663129043
6.00971495573374e10,3015.3130571214024
6.022799871517138e10,3017.0362455728323
6.035903854076887e10,3018.759933004117
6.0490269742652214e10,3020.484120769412
6.0621693034051414e10,3022.208810240295
6.075330913294948e10,3023.934002805953
6.088511876212849e10,3025.659699873374
6.1017122649216095e10,3027.385902867546
6.114932152673275e10,3029.112613231649
6.1281716132139465e10,3030.8398324272594
6.141430720788615e10,3032.56756193455
6.154709550146066e10,3034.2958032524966
6.168008176543846e10,3036.024557899085
6.1813266757532814e10,3037.7538274115236
6.1946651240645744e10,3039.483613346457
6.2080235982919685e10,3041.2139172801817
6.221402175778964e10,3042.9447408088668
6.234800934403622e10,3044.6760855487764
6.2482199525839195e10,3046.407953136495
6.261659309283193e10,3048.1403494245474
6.275119083975596e10,3049.8732942181164
6.28859935667194e10,3051.6067948023606
6.3021002079352486e10,3053.3408529722747
6.315621718895509e10,3055.0754705446366
6.3291639712554695e10,3056.8106493582577
6.342727047296496e10,3058.546391274235
6.356311029884536e10,3060.2826981762028
6.369916002476137e10,3062.0195719705953
6.383542049124561e10,3063.7570145869076
6.397189254485978e10,3065.495027977961
6.410857703825746e10,3067.233614120175
6.424547483024766e10,3068.9727750138395
6.438258679414663e10,3070.718392371618
6.451991383313914e10,3072.4758648752377
6.4657456865961784e10,3074.244346346988
6.479521681884096e10,3076.0229738673106
6.493319462555446e10,3077.81087109889
6.507139122749983e10,3079.6071490486556
6.52098075737631e10,3081.410906857271
6.534844462118784e10,3083.221232615384
6.548730333444481e10,3085.0372042058457
6.562638468610188e10,3086.8578901710234
6.5765689656694565e10,3088.6823506042597
6.590521923479696e10,3090.5096380644545
6.6044974417093216e10,3092.338798512677
6.618495620844955e10,3094.168872269617
6.63251656219868e10,3095.998894992652
6.6465603679153625e10,3097.8278986711857
6.660627140980019e10,3099.6549126388777
6.674716985225271e10,3101.478964601298
6.688830005347461e10,3103.3038845281667
6.702966306939642e10,3105.1355293694724
6.717125996489951e10,3106.9742150874085
6.731309181383302e10,3108.819727860186
6.74551596991047e10,3110.671850507326
6.759746471278508e10,3112.530362508837
6.774000795621319e10,3114.3950400260023
6.788279054010368e10,3116.265655923793
6.80258135846556e10,3118.141979794929
6.816907821966274e10,3120.0237779856234
6.831258558462564e10,3121.910813623024
6.845633682886513e10,3123.802846644378
6.86003331116377e10,3125.699633827946
6.874457560225253e10,3127.6009288256796
6.888906548019023e10,3129.5064821976953
6.903380393522342e10,3131.416041448548
6.917879216753908e10,3133.329351065346
6.932403138786288e10,3135.2461525577037
6.94695228175852e10,3137.166184499568
6.961526768888925e10,3139.0891825729254
6.976126724488106e10,3141.014879613408
6.990752273972157e10,3142.94484607027
7.005403539034326e10,3144.8869385913404
7.020080640105966e10,3146.843689615942
7.034783697621117e10,3148.815165804018
7.049512833149498e10,3150.8014344199987
7.064268169412735e10,3152.8025633405737
7.079049830300885e10,3154.818621062595
7.093857940889273e10,3156.849676711125
7.108692627436784e10,3158.8958155613154
7.123554017352042e10,3160.957127933829
7.138442239252576e10,3163.033686935027
7.153357423004228e10,3165.1255650137514
7.168299699742693e10,3167.2328352989657
7.183269201892244e10,3169.355571608829
7.19826606318483e10,3171.4938484599247
7.213290418679521e10,3173.6477410766643
7.228342404782349e10,3175.8173254008534
7.243422159266512e10,3178.0026781014412
7.258529821292995e10,3180.2038765844436
7.273665531431577e10,3182.420999003051
7.28882943168227e10,3184.6541242679205
7.304021665497156e10,3186.9033320576673
7.319242377802687e10,3189.1687028295437
7.33449171502241e10,3191.4503178303244
7.34976982510015e10,3193.7482591073963
7.36507685752367e10,3196.0626095200596
7.380412963348798e10,3198.3934527510423
7.39577829522405e10,3200.7408733182406
7.411173007415752e10,3203.1049565866792
7.426597255833684e10,3205.4857887807093
7.442051198057248e10,3207.8834569964415
7.457534993362169e10,3210.298049214422
7.473048802747768e10,3212.7296543125603
7.48859278894777e10,3215.1783775770637
7.504167116362961e10,3217.6443392744404
7.519771951155315e10,3220.127636495073
7.535407461305904e10,3222.6283627868233
7.551073816657538e10,3225.1466126763903
7.566771188945488e10,3227.6824816840635
7.582499751828868e10,3230.2360663387803
7.598259680922688e10,3232.8055747450453
7.614051154504712e10,3235.381251636377
7.629874353221367e10,3237.9589595668717
7.645729459800702e10,3240.538708882064
7.661616658860101e10,3243.120510064057
7.677536136934601e10,3245.704373733718
7.693488082505766e10,3248.29031065292
7.70947268603113e10,3250.878331726828
7.725490139974225e10,3253.468448006234
7.741540638835207e10,3256.060670689938
7.757624379182095e10,3258.6550111271767
7.773741559682646e10,3261.25148082011
7.789892381136858e10,3263.8500914263495
7.806077046510149e10,3266.4508547615474
7.822295760967207e10,3269.053782802036
7.838548731906538e10,3271.658894018039
7.854836168881337e10,3274.26623414088
7.871158283667664e10,3276.8758302089614
7.887515290345071e10,3279.487695082287
7.903907405367816e10,3282.1018417969294
7.920334847603055e10,3284.7182835680505
7.936797838369817e10,3287.3370337929787
7.953296601478835e10,3289.9581060543624
7.969831363273213e10,3292.581514123389
7.986402352669951e10,3295.2072719630737
8.003009801202383e10,3297.835393731626
8.019653943063524e10,3300.4658937858844
8.03633501515036e10,3303.098786684835
8.053053257109102e10,3305.7340871932024
8.06980891138144e10,3308.3718102851303
8.086602223251819e10,3311.011971147937
8.103433440895749e10,3313.654585185962
8.120302815429214e10,3316.2996680245
8.137210600959178e10,3318.947235513826
8.154157054635217e10,3321.597303733312
8.171142436702347e10,3324.249888995641
8.188167010555034e10,3326.905007851122
8.205231042792444e10,3329.5626803175624
8.222334803182007e10,3332.2229547549427
8.239478564683986e10,3334.885870266908
8.2566626035843e10,3337.5514677115857
8.27388720247374e10,3340.2200159656386
8.291152651658548e10,3342.891717165463
8.308459246763455e10,3345.566593777726
8.325807287260704e10,3348.2446686009544
8.343197076542587e10,3350.925964772066
8.360628921995776e10,3353.6105057730733
8.378103135077518e10,3356.2983154379535
8.39562003139371e10,3358.989417959695
8.413179930778975e10,3361.683837897528
8.430783157378728e10,3364.3816001843393
8.448430039733357e10,3367.0827301342806
8.466120910864558e10,3369.7872534505786
8.483856108363882e10,3372.4951962335485
8.501635974483595e10,3375.2065849888213
8.519460856229893e10,3377.92144663579
8.537331105458582e10,3380.639808516282
8.555247078973265e10,3383.3616984034675
8.573209138626157e10,3386.0871445110074
8.591217651421574e10,3388.8161776951492
8.60927298952703e10,3391.548858215868
8.627375530314973e10,3394.2852404225546
8.645525656570978e10,3397.025354724304
8.663723756667169e10,3399.7692320238093
8.68197022468038e10,3402.5169037282044
8.700265460513562e10,3405.2684017602155
8.718609870020613e10,3408.023758569631
8.737003865134691e10,3410.7830071451012
8.755447864000179e10,3413.546181026279
8.773942291108397e10,3416.3133143163127
8.79248757743722e10,3419.0844416947066
8.811084160594707e10,3421.8595984305566
8.829732484966939e10,3424.6388203961833
8.848433001870149e10,3427.4221440811716
8.867186169707361e10,3430.2096066068275
8.885992454129665e10,3433.00124574108
8.904852328202315e10,3435.7970999138292
8.923766272575824e10,3438.597208232776
8.942734775662247e10,3441.40161049973
8.961758333816841e10,3444.2103472274293
8.980837451525308e10,3447.0203902761605
8.999972647073323e10,3449.8168023147955
9.019164450105482e10,3452.5938875100655
9.038413400042929e10,3455.3516790038198
9.057720044927342e10,3458.090018885679
9.077084941693304e10,3460.808747408158
9.096508656383011e10,3463.507702942616
9.115991764367822e10,3466.1867219338505
9.13553485057693e10,3468.8456388532873
9.155138509733438e10,3471.4842861507072
9.174803346598126e10,3474.1024942044573
9.194529976221245e10,3476.700091270086
9.214319024202635e10,3479.2769034273415
9.23417112696053e10,3481.8327545254715
9.254086932009415e10,3484.367466126752
9.27406709824728e10,3486.880857448177
9.294112296252711e10,3489.3727453012384
9.314223208592212e10,3491.8429440297136
9.334400530138187e10,3494.2912654453808
9.354644968398055e10,3496.7175187615776
9.374957243854993e10,3499.121510524512
9.395338090320802e10,3501.5030445422312
9.415788255301413e10,3503.861921811153
9.436308500375648e10,3506.1979404400468
9.456899601587787e10,3508.510895571365
9.477562349854585e10,3510.8005810952072
9.49829755129312e10,3513.066808397511
9.519106027605058e10,3515.3093796909898
9.539988616623393e10,3517.528076426621
9.560946172840184e10,3519.722676644871
9.5819795678965e10,3521.892954878549
9.603089691091365e10,3524.038682052056
9.62427744991064e10,3526.1596253768635
9.64554377057678e10,3528.2555482430525
9.66688959862054e10,3530.326210106717
9.688315899475648e10,3532.371366373044
9.709823659097682e10,3534.390768274851
9.731413884608298e10,3536.3841627463735
9.753087604966148e10,3538.351292292054
9.774845873792122e10,3540.306002633621
9.7966897754577e10,3542.264708365981
9.818620421954971e10,3544.2282701083745
9.840638951584337e10,3546.1967575844874
9.862746529623059e10,3548.1702422441113
9.884944349253688e10,3550.1487973237313
9.907233632534532e10,3552.1324979098945
9.92961563141459e10,3554.1214210055127
9.952091628795465e10,3556.115645599272
9.974662939642964e10,3558.1152527383265
9.997330912151291e10,3560.1203256044787
1.0020096928962921e11,3562.130949594034
1.0042962408447499e11,3564.1472124015745
1.0065928806043275e11,3566.1692041078713
1.0088997615664943e11,3568.1970172721976
1.0112170371181934e11,3570.2307470293163
1.0135448647971593e11,3572.2704911914343
1.0158834064541988e11,3574.3163577924497
1.0182328284052263e11,3576.368472678791
1.0205933016234335e11,3578.4269476062323
1.022965001933712e11,3580.491892569412
1.0253481102166269e11,3582.5634208447977
1.027742812619848e11,3584.6416491303075
1.0301493007812465e11,3586.7266976927135
1.0325677720644612e11,3588.8186905233756
1.0349984298078062e11,3590.9177555028796
1.0374414835874597e11,3593.0240245752243
1.0398971494959607e11,3595.1376339322383
1.0423656504371239e11,3597.258724208982
1.0448472164385808e11,3599.3874406909417
1.0473420849832668e11,3601.523933533909
1.0498505013612833e11,3603.6683579975074
1.0523727190437073e11,3605.820874693429
1.0549090000800546e11,3607.9816498495256
1.0574596155212695e11,3610.1508555910273
1.0600248458702916e11,3612.3286702402643
1.0626049821268025e11,3614.5154506845865
1.065200328228676e11,3616.7116388680042
1.0678112002396854e11,3618.917468080109
1.0704379262728673e11,3621.133155752222
1.0730808469783136e11,3623.35892784103
1.0757403162417645e11,3625.595019309517
1.0784167019347472e11,3627.8416746436515
1.0811103867210237e11,3630.0991484081483
1.0838217689246483e11,3632.367705844999
1.0865512634655327e11,3634.647623518892
1.0892993028691045e11,3636.9391902614607
1.0920663383430109e11,3639.2427296961287
1.0948528409334488e11,3641.5585787190103
1.0976593028258241e11,3643.8870674942436
1.1004862387460074e11,3646.228541649373
1.1033341874700357e11,3648.583363322298
1.1062037134681383e11,3650.9519123019936
1.109095408698114e11,3653.334587273536
1.1120098945651268e11,3655.7318071794066
1.1149478240673526e11,3658.1440127107153
1.1179098841496666e11,3660.5716679439206
1.1208967982907823e11,3663.015262140894
1.1239093293530186e11,3665.475311732828
1.1269482827283167e11,3667.9523625116267
1.1300145098193564e11,3670.446992056099
1.1331089119008365e11,3672.9598124246495
1.1362324444133553e11,3675.4914731513873
1.139386121751156e11,3678.04266458878
1.142571022615583e11,3680.6141216474675
1.1457882960188583e11,3683.206627992856
1.1490391680382452e11,3685.8210207690513
1.1523249494395065e11,3688.4581959339894
1.1556470460416032e11,3691.1190481068766
1.1590069743923608e11,3693.804520404737
1.1624063694693846e11,3696.5157201875027
1.1658469958741968e11,3699.2538532437034
1.1693307625129362e11,3702.020227231734
1.1728597400465414e11,3704.8162937887746
1.1764361811975494e11,3707.6436274077746
1.1800625446235298e11,3710.503918754439
1.1837415229896371e11,3713.3990217040605
1.1874760761826964e11,3716.3309766676725
1.191269470925972e11,3719.302038432278
1.1951253283826042e11,3722.314709638264
1.1990476818260358e11,3725.3717813646026
1.203041047130236e11,3728.476382770646
1.2071105097739516e11,3731.632042411069
1.2112618333883112e11,3734.8427647878843
1.2155015968041461e11,3738.113127071434
1.2198373693913637e11,3741.4484029363684
1.2242779387477864e11,3744.854723488897
1.2288336113665887e11,3748.3392899327605
1.2335166173181705e11,3751.910660021477
1.2383416669826414e11,3755.579142438242
1.2433267366503378e11,3759.3573537279085
1.2484942105953366e11,3763.261028564467
1.2538726013201892e11,3767.3103787970135
1.2594992957343326e11,3771.533910210893
1.2654251074725557e11,3775.969648312407
1.2717222755809612e11,3780.6695364618386
1.2785000208887599e11,3785.7121983222596
1.2859387790255002e11,3791.227683247693
1.2943807264661813e11,3797.462909597303
1.3046577754748528e11,3805.0187960445483
1.3205711607345717e11,3816.6412891474915
1.4103129575635455e11,3881.305243434438
